<odoo>
    <record model="ir.module.category" id="customer_type_module">
             <field name="name">Customer</field>
             <field name="description">User access levels for Customer</field>
             <field name="sequence">10</field>
    </record>

    <record id="group_user" model="res.groups">
            <field name="name">User</field>
            <field name="category_id" ref="customer_type_module"/>
        </record>

        <record id="group_manager" model="res.groups">
            <field name="name">Manager</field>
            <field name="category_id" ref="customer_type_module"/>
        </record>
</odoo>
