<?xml version="1.0" encoding="utf-8"?>
<odoo>
    <data>
        <record id="record_rule_user" model="ir.rule">
            <field name="name">user can edit and create</field>
            <field name="model_id" ref="model_customer_type"/>
            <field name="domain_force">[('user_id', '=', user.id)]</field>
            <field name="groups"
                   eval="[(4, ref('customer_type.group_user'))]"/>
        </record>

        <record id="record_rule_manager" model="ir.rule">
            <field name="name">manager can edit</field>
            <field name="model_id" ref="model_customer_type"/>
            <field name="domain_force">[('user_id', '=', user.id)]</field>
            <field name="groups"
                   eval="[(4, ref('customer_type.group_manager'))]"/>
        </record>
    </data>
</odoo>
