<?xml version="1.0" encoding="utf-8"?>
<odoo>

    <record id="payment_provider_multisafepay" model="payment.provider">
        <field name="code">multisafepay</field>
        <field name="name">Multisafepay</field>
        <field name="module_id" ref="base.module_payment_multisafepay"/>
        <field name="redirect_form_view_id" ref="redirect_form"/>
        <field name="payment_method_ids"
               eval="[Command.set([
                   ref('payment_multisafepay.payment_method_multisafepay')])]"/>
    </record>
</odoo>
